title,link
"2 x Dell HP 22"" Dual Monitor Cheap Gaming Monitor 1080p Computer PC VGA DP",https://www.ebay.com/itm/265429620529?hash=item3dccd69731:g:DOYAAOSw~LpcnOUi&amdata=enc%3AAQAHAAAA8EYwr9JS%2B%2BVx5W6xMMAWCQuBHY5lvYoDorbSjIruruPev5wDSfhQQfspXWtX5tXCg5g1amsMaY%2FWytRNAfUOKvEyTFeOxeBWyf1fpCaatZq0CKoMer2a5leJY0aNw54TgrqWLsHUW6YQXX6vtvOeK3E%2BN4N59mIY7DbKrmPrg2xzyj8XxGKAeh1qiX3a12ouf5281YWytFpU%2FcaippAO6qlX61Z8M07s01ILOLq1GMhAbUJYmrwIZ2WTlxVyvwikGUWjAZjk7%2FPi3OiwPJJjvjYH0c0qc4CYaCi2HhPtjAPvsVo0NAxZnf1y3ujj4mNnOw%3D%3D%7Ctkp%3ABFBM8tXgmYRh
"Dual Monitor 2 x 19"" Dual Screen Home Office Dual monitor Set Bundle with Stand.",https://www.ebay.com/itm/233596029364?epid=24055695945&hash=item36636889b4:g:iZYAAOSwZ2ReyiJC&amdata=enc%3AAQAHAAAA8CYWJCOoZXYHOVtwdgs4D37aUfF%2FRbEa5%2FvFMhaRJpG%2FHilTCIKDoX5Moe6dWjsgNHCbLk2B6f7uXitMAtZFtelV%2BCLSpwvmngPRepgr%2BC0hey7M6P3zh7TOxHZbX4DlYZKXt0mlDBfCtEETKq%2BVSuROLElXAGTC3nPHf2AuBD4XDps0peAHFiKuc8Iw0NfMQplvoRbZ1xpNofSV9rxIyFCfI92M%2BpyaIQVKhtIaXw1ornt%2FV2LXpNzJmocvmIUOQyWvQsqACiCIySA6oOfXgfScfg5iZIUVB%2FO2vrwlSqhEB6aYilq3Gk0thTUm9smT8g%3D%3D%7Ctkp%3ABFBM8tXgmYRh
"VIOTEK 29"" 2560x1080p Ultrawide 21:9 Gaming Monitor 75hz IPS FHD FreeSync G-SYNC",https://www.ebay.com/itm/233621672948?epid=27040286022&hash=item3664efd3f4:g:GV0AAOSwF45iYNRv&amdata=enc%3AAQAHAAAA4KdALI0uAUJUwVTlehqUeHbCistKE%2FcJN87d8QLedvTarzPdV3Jr87bzoP0Kz9bLuulkM7zgktaT1HXIBhHicXi6FmUCcbwsoi4XuDs8wzP5GWCSJ1CB%2FAOahnI4HFKzkUGV5%2FehgakGjXPD%2FKU9voHHbOPqYHqobYXHUu%2BnfJRrTrUueTbHU%2F0SSBJg1vY1S03BH13Ej1xfFSfcf4c77mKvyHJaNcOte%2BLt%2Fgt8riyR78T4cx9CizxkkDI7EMuqXlXOc6ptHEqUIDndebVHPF16zPrnIcg71TLhS8KFJ5QM%7Ctkp%3ABFBM8tXgmYRh
"Cheap Monitor HD 17"" 19"" 20"" 22"" 23"" 24"" PC Computer VGA DVI Flat Screen Dell HP",https://www.ebay.com/itm/255603029820?hash=item3b8320b73c:g:uykAAOSwzg1guJZ2&amdata=enc%3AAQAHAAAA8DMWcV4ReFQg3Uc%2Fz4XSjMiFbEL9bGK%2FPL%2FjdV%2F40RS4ac7h2Emrc3YLoaUQsjFbzeRDR3YZbzt%2FKkMBgyNBQ4frmQlr8kzfO3RSewbp3fM5HICaOEjtULNp4pxNOdN2%2FkL%2BFeMH01A0EnpiAQfC7cBKrUpcYpLs0wfVbyLzsdIKPqBjhlwhPPBqmYyt3ZtD%2FEmrOQOrM%2Fy9NZZBupmD0r77kLyQ%2BBJbsR6uMQDPOPtK6IG7pbuPzjwrSEhqXqRWVum%2B%2FjzOC9u8IHlzXx3f7IogdK%2BknmZuyDOP9cKl%2BP3FKCm88zPil49M1ieiOwMGXw%3D%3D%7Ctkp%3ABFBM8tXgmYRh
"3.5"" IPS Type-C to USB Mini CPU Sensor Panel Display Screen For Freely AIDA 64",https://www.ebay.com/itm/203755693306?hash=item2f70c924fa:g:dZQAAOSwyvJhvEDO&amdata=enc%3AAQAHAAAA8ChO8WptFF0EtU%2BHs9VlSNeXtDtEQB0Be1Aum284wCpAfzAFKOZ78OKxR%2B09ntCbzvXP%2BMZTIYw%2BO2Tc6C2LMm%2BACMXF3SUD6GWy9op0m7kE%2FuvrbiQtr2%2B4EaTRPjXs8UeD%2BR9QtYMM3HGtQE%2B3IDN0yRPg9qKgtFIScbhKBtZKsGOBv%2BoeCA0ad3n1dUW7Ih1R8SEfyMJQbreOa0%2Fp1kIhcLRnyFqWj8LzlKmNWZmpR8DhKl89s%2BBpZ2%2BgwkUQQuIFF0ZUHEgzNiZM5puLvIDfc0o03P4tiJjI%2BDr%2BThzggRKZSMH8NPe49cTNufuqKg%3D%3D%7Ctkp%3ABk9SR_LV4JmEYQ
"New ListingDell P2421 24"" Widescreen WUXGA Monitor 210-AWLE",https://www.ebay.com/itm/175467985733?epid=25043318935&hash=item28dab4fb45:g:tmcAAOSw5BVf9GEh&amdata=enc%3AAQAHAAAAoN8wC7nDgq9Y6iqxWUL7BnER21gvC0pBCbleooh3gkPkv82u%2FNYpXpktG1%2F2cIy1BVWcqecxT1o641dh2ZnJHNrs8VeECOzKPYCwK2jxlHLZ7x1mYgzXVLCyu8lz4jhpeqzXZt4EY3T5AvLUnt%2FglhBkwx7w46z0Fd5Cq0VipdinvxPBeXvY%2BrFP1nq2AVwlVfIaAxRGNu%2BeKpG6R5ZaMT8%3D%7Ctkp%3ABk9SR_LV4JmEYQ
"New ListingLenovo ThinkVision P32p-20 - 31.5"" - 4K UHD LED Monitor - USB-C - 62A2GAR2U3",https://www.ebay.com/itm/275518908098?epid=27044098529&hash=item402634e6c2:g:a2oAAOSw5VFinMHE&amdata=enc%3AAQAHAAAAoBsBBecGtZIZOWjzJ%2F6WkHzvXek1WO7gpOTfvCR6yl9l3mVuRoe45a09TwNXxrw6pHkkT65EAq2LIgM0BnnA4dmU1xVmFBk%2B%2FHM%2BaXnWGrBip%2B7uBuoM78T5cwobp1aYPRRJh4d%2FGHC%2BHv0VAvGusZkgHqkCWoD1iltyqjnaC7NiqZ%2FmSt2yVOr2QhtxR7M%2FP34XL8nmjPAX3BHEGVeg0fw%3D%7Ctkp%3ABk9SR_LV4JmEYQ
"New ListingDell P2423 24"" Widescreen WUXGA Monitor 210-BDFS",https://www.ebay.com/itm/175468035267?hash=item28dab5bcc3:g:cckAAOSwVVtjW~SU&amdata=enc%3AAQAHAAAAoHYnP%2BQyL53OgRIHS7tCsiwQakXzgb05CIvzINx13Kk76BjhUl2XKsSuj6zV6bJIcodUQJ6CfEosejBOVDEn78KTJ2YFS4sWAr%2Bfh3jlk0zYA45CECtRNijs69aRH0V8T1yJchEMXSF0uqO2iRLW7yjFMFEeVWJDfulhsk4vTR%2FEri8u%2FZAMh4liSp5M7bTMOBKblH3FJxGgRE6Ql%2F1pg6w%3D%7Ctkp%3ABk9SR_LV4JmEYQ
"New ListingDell Monitor P2421D 24"" QHD Widescreen 210-AVKX",https://www.ebay.com/itm/175468058512?epid=8037505281&hash=item28dab61790:g:CfsAAOSwzOleeg8J&amdata=enc%3AAQAHAAAAoFFEMs%2BZINJn1ofO%2FfzKtc%2F4SC05WqJRwydwOXO9hxKGfjfUjs6ua0WtJ89y9aCOTa9qBwLWBPtOBwo88fxx03MbY%2BmqrvKvFc7MOBItWMMZfQQBnVTl4H7wvr7urmn0T412K%2BpPt5VDBmrsDctKH3Lw20urAHjS%2FGoVXvS9EYQeSYADm3Jn5eDtl5UkRccCQHIOUfxi716nGf4kMGbFkkc%3D%7Ctkp%3ABk9SR_LV4JmEYQ
"LG 27 Inch Monitor FreeSync LED Computer 27"" PC Monitor 1920x1080 16:9 27MK400HB",https://www.ebay.com/itm/324038576329?epid=19021988887&hash=item4b723448c9:g:~rEAAOSw54NeGNVT&amdata=enc%3AAQAHAAAA4LATagktKTR07QJNlY1OD0XfZheF8tfeMIOSQVHbmFwd5KMyPs7OAf%2BRyJ7NLr1RTwJqRAtHK03UP%2BCKL0xH6L6Xc9oZUAvUoDQrIrAPNXR%2BpLdd2oZo%2F%2BzbzhFzw1baVM0W8Wpuyd%2FnjiERNusLyUyki39nV8GHWRH%2FpUQXlDDX8dWXNFsCDXvRvAhJmfPBE5koSrBh0%2Fr4rlVAVeG4UQf6zQSfp3o7L0gyIEdvpprrktUiyyunsGdnOGYGmXjlI1RXJkibZw%2F3Ez7Zq4EPmdVjc7n%2BwUNNygdhyKj9Xkov%7Ctkp%3ABk9SR_TV4JmEYQ
"New ListingDell S2522HG 24.5"" 240Hz Gaming Monitor 210-BBBI",https://www.ebay.com/itm/225226700110?epid=12048950529&hash=item34708eb54e:g:M88AAOSwuN9hgQr8&amdata=enc%3AAQAHAAAAoBUt9lM5jtpO0TESHMbyI9h5ixtCCxho2H2BOGOgICp8x9nrp7AStK%2BtBVd7LO9mKunuVToLqcHH0agKMnsiYQMcuL9csD%2Bh%2FHz4DdnRj8b4ZNUcxh4Unfl4jenGpQe6NkGRMh5P5OmHdIiUPYMkjXQgIzTvw3bxrjxaSl97oSU5PnE0FAcIg6rWuVtwf6HRojUDwv8bU349KzEUSvp2RDE%3D%7Ctkp%3ABk9SR_TV4JmEYQ
"New ListingAcer G246HL Widescreen 24"" LED LCD Monitor Comes with Power Cord and VGA Cable",https://www.ebay.com/itm/134304677070?epid=1475284230&hash=item1f452ebcce:g:JCkAAOSwxaFjXAb5&amdata=enc%3AAQAHAAAAoGiZf%2BJm0YCH9tcto30oVze4UDQMjmf23ti%2FwQpQ4N6eq9FLNtaRzGJUVxAoK77pJ67ntv%2Bvfyn0AG7UYO5sK5dQt7lTIWRY5XrFQOUSyFCftBGf0SMTazR3CudvkBr9cAs%2BPaJzzmBRe61Ac%2FOTECLX3NRzETZGUlhv7o2p%2F3ivL1cT7%2BEKKNtagyC6PiYiahyetyTUQHnukB5%2FHAzdt%2F8%3D%7Ctkp%3ABk9SR_TV4JmEYQ
"HP LG DELL 17"" TFT COMPUTER PC LAPTOP MONITOR VGA 17 INCH CHEAP FLAT SCREEN B1",https://www.ebay.com/itm/255254575323?hash=item3b6e5bb8db:g:VqkAAOSwxeBZsqwb&amdata=enc%3AAQAHAAAA8ORHjinw7nnnZEb3R%2BDjDbl%2FNcL4XBpFJNqsIB1pwzL%2BPc6lzH8cdEENrTiRNoopYZAOipG%2Fe5msRLNB16pSJt7TxmRawIcc%2FsPen2jOMqMh2JMOS5eBW%2BNFkqA%2BW8H%2FgT%2FmguNfxTIuxyGPEVXiI%2FWRyrKzn5rgWfg4El83Gjfw9WnafFC%2BACZxwmXwA1wp6f%2FN51NO4OnqSec7bPO14FGwLeI06Dy1WUn7QEnRKQviUxr4dEsmrK4KovFuS%2FUjW1jfQZomm%2FYZvk8vh1GkOxtODZajmGJXj7WaT8s1G4QklQyKlTBvrhIZj11Uy6ZAoA%3D%3D%7Ctkp%3ABk9SR_TV4JmEYQ
HP EliteDisplay E273q 27-inch Monitor 2560x1440p DisplayPort HDMI VGA USB Type-C,https://www.ebay.com/itm/225072993618?hash=item3467655552:g:9ncAAOSw9MBiztvI&amdata=enc%3AAQAHAAAA8LrgEQMC3hppNkqG%2BIOydl6SpTbNr3t66%2FkTil5sC1dKuUJ8H6hI1OIrUpMLjJwDlO4XMinf0rWySgLK28yW2p9oii9DsxNkiFPRvq4C1wIl7srYAj7tkPHgYbfFROOJpbxsVPtZ3B6Yp%2BM5ztej%2FU9fTzk65IxUytS1Z56%2BvfZQoNpiPxaIoTSGENenx7yPhJXeAXhl%2FFxM2M7DZGM4RT0o3UPgAFoqUrZC2bp1JLKNMDegef4AU5Y4faIoHtvEXjt4RqyobLIzYucXYwUDKusq99S%2FX%2BuAGPzBP0Kv7Kpxv28UGkCQaCMmIYp2l8%2BB9Q%3D%3D%7Ctkp%3ABFBM9NXgmYRh
"VIOTEK 24"" Slim Bezel 165Hz Gaming Monitor 1920x1080p FHD HDMI FreeSync G-SYNC",https://www.ebay.com/itm/312756793969?epid=28035165119&hash=item48d1c1f271:g:fSgAAOSwu5hjT7Yg&amdata=enc%3AAQAHAAAA4AGDRJJ0paBFB8%2BLzxJFva7K7inY31NGFXYBNRwho3749%2B0qE08YqLi%2BOyHCz00eCNbqb4HVZ%2B%2BQkEAnByawDSru6otVvnVGFfav5VV3Wfo%2BYdp8TRxE5i%2FmvSQowQUOUTY7o78AdMxXy7D93x7PFjpYN2obMRKeborwTttRV%2FMNzzOwSV2wxlpqNMYWzzFVLUC6OINz19WmgFsL1SgNhcac2b2hfzl1bWoKsrjq%2B48Fr5KWpnyVHbM1HtRAJ5kPsLsv69EJPqmMKYQZFeA22wU0V7Lzdj5HKIVAg%2BJaH0oP%7Ctkp%3ABFBM9NXgmYRh
"Dell UltraSharp P2412H 24"" LED Monitor",https://www.ebay.com/itm/295229039699?hash=item44bd05a453:g:AVEAAOSwvGtjFZOB&amdata=enc%3AAQAHAAAA8JJmsgIWAHP61BdRBvKtzpq9ZFtlM4Yi7UP5n89g2Cew1SYkZP7L2FWx7E4XGAGZOjy7PGIYfk4QILsSkL2TxuTtgLZnqbRNFrfn3hi7pJt3ZwYK7zoRYcMEvHCRCcAR24ZMg%2B1CyB36xexyTjS2GnPp%2B%2BtVfsoie%2BpkujJbUSBi0s73Mhs0GAuvZhIpguwa41NXH8wIXAamZeEosN9oYlOWXIZoROW5O51D6mJvHoDStSLlQYXAinvSsIbcRPmvcQIGuC2ps6mC75TkKh5Qk%2BS4u96lL4uSZd3Dc7klhpBmowIP1EruML2rYNuPbsN7Sg%3D%3D%7Ctkp%3ABFBM9NXgmYRh
"3.5"" TYPE-C Secondary Screen CPU GPU RAM HDD Monitor USB Display  Freely AIDA64",https://www.ebay.com/itm/154865496633?hash=item240eb3f239:g:NWcAAOSwVhRiFg-M&amdata=enc%3AAQAHAAAA4KiuYs8JGsmMkmGNmWHimW1xditOhwceM3%2FrMP%2FoPt%2BzAAGNc652siLhfvHX5aNxAqioZ%2FjyieM8Bd9XUKEq25YdMmCw768RkL%2F3qnJMCFL3moQymu2lf%2FkqpbzEEd9OdWpYvku%2Bpw5On9G78Tmc%2FCyJUgJ8vfXtsRTq%2BmN0m4s5vjMPWM6E3Orx1%2BG7t%2FKOQolnkRy%2FjgmnsNAz76A6EFk%2BBwnI7qFssxC6NoBVB8LCIpkduouQeODInGvuzKvpGj1ZKYA8X72WLE%2FBiL75X3mSn4LtfjzVrmXQIqEqxsZR%7Ctkp%3ABk9SR_TV4JmEYQ
"CHEAP Monitor 24"" Inch HDMI PC Computer LED FULL HD FLATSCREEN",https://www.ebay.com/itm/114489152700?hash=item1aa815d4bc:g:rXQAAOSw46NiXnBi&amdata=enc%3AAQAHAAAA8NzjBGg2rrJ6ypHAodACI85%2Bh6G%2B71hIfZk5mSlAtugGV63shKYElnmA1F8TsGMccO2Pd1yA6av4mgQgvjw39bBOTPLIJlW0lFhGqzv1c4f335GJblQIP1oB%2BKOcB7MiwFbKIbMykAjT%2B6U7Upa%2FsnIljVX6dPSqbdZExe8MzFI2mps3tcq7fEjglljsDq0prads1MsXov6Dnfij%2Fsk2RxDGgyEXZtzGv%2FLOrgDutBg8LTZmfZIL0c7QOgIIw9M8sTkbmrfgaWkCYqgJwFvMRlzDsLRxW%2Bu46bC2JfaUd%2FFkPQ%2Fvh%2FREfHIGeYG7EXsKyQ%3D%3D%7Ctkp%3ABk9SR_TV4JmEYQ
"Dual Monitor Bundle - Fujitsu E20T-6 20"" Widescreen LCD, VGA, DVI",https://www.ebay.com/itm/255660834877?hash=item3b8692c03d:g:9rUAAOSwX~Ri4m3y&amdata=enc%3AAQAHAAAA8PH1BS2ZJ85OosNYxX1zsT7oLAp0gv89uX7YhIlenVCX3jscP%2Bt4Cc%2FwpdvORAe8zY3RgyLm8vUQLhStxgv54M9tFLmo0JZSHKyQv8fk6FOFIDuS0JalPdhCAeisWqAAtCrIssr5ReWspTWA%2BH9j8opQXymb3ClXEGkRx44O0bhGEwnTlgT8Evw5BymmwXb3v6EOgL8J9VMulpqQOi18Jr0SchdMP9ykuKRljDpYHlboBihR4lGMTwKCIi3PjB6TO9AGEgQSdJ97dRbUy8H7Gbv7AUkrn4f1Ii3XMwFIus3OEFtm8%2BTUG7nmolWsYVpXwQ%3D%3D%7Ctkp%3ABk9SR_TV4JmEYQ
New ListingpiXL 32 Inch 144Hz / 165Hz Curved HDR G-Sync Compatible Frameless Gaming Monitor,https://www.ebay.com/itm/265959435321?epid=7048198010&hash=item3dec6aec39:g:52QAAOSwESBjW7os&amdata=enc%3AAQAHAAAAoEIfXD%2B%2Fa2FbKtWfdC739wcWUZVmSqB3tMGIdbtPNLSN47%2Blsuok5vFs3qfMJgc52hUfI5FeJ9b3NrZEUTzLcmwobSsBVtlCtd2io9CSyEqG681hCK95Kv5563ivrqe%2F2LhxK67LjdS9VS67X3S96qmswhwR1BUXrCEDM%2F08SN%2BwunXP1zkdUXSWQDPEgG%2FOjXtK83Hlya8y%2B%2BU%2B72zRtJU%3D%7Ctkp%3ABk9SR_TV4JmEYQ
"Quad Set - 4x HP E232 23'' Inch 1080p LED Monitor VGA,HDMI,USB,Display Ports",https://www.ebay.com/itm/275448109907?hash=item4021fc9b53:g:4-kAAOSwfatjFcHz&amdata=enc%3AAQAHAAAA8AviIVgsA8KXBwPm3VZu2tXSCtOija7Hs3FRPSEhgCVR8aIfosCo7MHxAWNQq1p%2FW1OYXeBiQlobMix8%2BqdODAZ%2FpQBj1VZMHzmtlexg6VrWB2MBxSFaCJCt1Zf7Vkz5KdTY%2BsMFxpPopiR9HcL3TrC12g3Z6QxmvvDy8hWwzUR0xMtrw7sAC8rYlFpEjWx%2FjonoRZ4QWtDrmkfA8z%2Bi8Op%2BJ%2FYogmKcZMQmVLgMX81mN2tt%2BNhsW%2FynjKROoAtk2ef9DHp8qkuN%2B%2FXcQgkAgwzWvfg6PI0gu9XIkrZl7pSL2kBWCdzGuZZZK4dwym6GDw%3D%3D%7Ctkp%3ABk9SR_TV4JmEYQ
Computer Monitor For Mini ITX Case 3.5 Inch IPS TYPE-C Secondary Screen CPU GPU`,https://www.ebay.com/itm/295220325907?hash=item44bc80ae13:g:uwMAAOSwe7NjB0E5&amdata=enc%3AAQAHAAAA8GZFd%2BgvTmrNYk48s2t%2B8ZkjOHmh%2Fi4i%2FIYGAqjGFp70Thtwfi6%2B9RLsmH7K5kotELMqJA8lEZfCoARIfEmd5%2BLMzPO%2BwNT%2BR0mPk9IE72F7x4FFEyKvx9fMsNTZLrFv8g2ztwMNj7NSIQbJPzujzyY1ThVCXb%2FgfnxsFc7Id6hSbUefBpWhw48jo6v7J5wE8wGUSAfq5cxoBhp3AKu9HXyeY56sdMPXIY5evToUC0Psb5e%2FfX9wAgmUDpwHtnFAqhfpPkL1nthV7zbNeb4T743ne29b%2BGHq07Lp9%2FC4TSObExVnHRZbDeOOnp0bV8OjOg%3D%3D%7Ctkp%3ABk9SR_TV4JmEYQ
"HP 19"" HD TFT LCD HOME OFFICE COMPUTER CCTV CHEAP MONITOR VARIOUS 5:4 MODELS",https://www.ebay.com/itm/255254574403?hash=item3b6e5bb543:g:wzsAAOSwzJ5XdPc3&amdata=enc%3AAQAHAAAA8IsJlhL%2BMQB4kjL%2B6S7UU7RjGjqa66HjSMFYtHNJsvLf6CGHjn5gbkaGCj7O%2BCwQTBfDE9rvHMiEc6tj83ZXOdPa1iR1RqXwhfGr2RChbuYLNfV1sQyNNwh9cN3CXYNKdV1cHYvjVVmAwZ7KS2lfzpLXn3y3aPyQ7oAgfVBGw5KQIYo5jai2928zxfdj0MGoNi9GeRwkbts6Q1%2FuPL6HlAn39KHNuRWRKinDZ%2F4%2F2igC8xiI7lcTqoAO6Fe57N2QvY36OuaEfJTWDi8ZVPsCjEcTFCOFza0I4UGc0ql2d%2FsfuCkCTiZjRPlAam9VISIm3A%3D%3D%7Ctkp%3ABk9SR_TV4JmEYQ
"New ListingDell Monitor P2222H 22"" Professional WLED 210-BBBE",https://www.ebay.com/itm/225226559648?epid=18048962541&hash=item34708c90a0:g:LFMAAOSw8FdhgQrJ&amdata=enc%3AAQAHAAAAoPCdzxYn53YUMl6VF3B8YEqncwT394q9sIfeCwrfd4Z9MFQc11hqUEbk5ndDt2O5sVqIHGpqqSq1xmlTNpbv4xk2Va523c7zNl7Vg5l0DqAkBKw%2FHSr%2FaI9oc5s%2BWXrvgtgJ6sAZzg1pS4t8TV%2BAvKL2Tk%2FIOWP78Mnp26FlFUCOcdCDM3ria%2FjFtFSpsScfl7rH%2F4lxj2wU4P15hyQ6Iyg%3D%7Ctkp%3ABk9SR_TV4JmEYQ
"New ListingHP VH240a 23.8"" FHD IPS Monitor - Black (2DS80AA) new",https://www.ebay.com/itm/165749031104?epid=21031983914&hash=item26976980c0:g:2LsAAOSwPCFePBE3&amdata=enc%3AAQAHAAAAoMykVH7PjbpyydjG0CpAkppVjrVE%2FXQCyJb9TZPsOjGEqQLcajXsn0SnQd9RE6ylOBM2yb55OifB7%2BrQwRri3leYPmoY57coaNULWajDbfgqJ7EyR2yK%2B20m67TAB4D1lDvh5loBzapNGuvZT5EN2IS2aFLXcxzSgJNMvDJVpdiEHi9mJrWe5kBb0IhPtaYGkv7ICi1ySGglhR7I53c2JMU%3D%7Ctkp%3ABk9SR_TV4JmEYQ
"Cheap 17"" 19"" 20"" 22"" 23"" 24"" TFT PC Computer Monitor VGA DVI LCD Screen Dell HP",https://www.ebay.com/itm/224461670212?hash=item3442f54744:g:nfIAAOSwS1hgnsOn&amdata=enc%3AAQAHAAAA8PUVPpfLdK%2FnqPXGfRpowyZALnUc%2BJhy9HveAw0JL%2FYZ05Bqy%2BqmnI6zIT9Gmm2MWNR%2BMGaDIQJ5tLF0iiluYQCEgijNyiGHobsScdoMhcpBXAzG1TYNASmK6GDi5o7gitJ6qQ%2FUcPQz4o%2BpBPOFiWGRMTBPCS1nqzB2anwbB2Og84Htnl8IDXVDhzDVbsLDP6wbxqH7k%2BAEMNJ0t2kHlnkVPqCkJNDjOvbaikVxb%2BV5u0TwqwN2BWQik%2FxnHT%2B0calFloCGNzLO4mFLPExc2ilwAgNw1sPJmnE6ZmB75%2ByKOOP4tnLN%2FinceQtdraGSsg%3D%3D%7Ctkp%3ABk9SR_TV4JmEYQ
Samsung S23E650D 23' VGA DVI DisplayPort 1920x1080 Monitor With Stand,https://www.ebay.com/itm/255678200415?hash=item3b879bba5f:g:fkoAAOSw5sxi-jp3&amdata=enc%3AAQAHAAAA8FlfflyGuwFLKvDpMpq2VKqr37%2BKY9aGT1TqM66kaR8cHXGoM1OoBOEI9DYaQLb%2B%2BngxM9%2BuPPG9NH08cypGlNmo%2BAyDGD2EC4awUhGsie6uS%2Bpetgpw1M0AARSDI6nLzhdHC5AFXr1lcQrkj3674sBIzfY5TWQwQXyCwRpPXbB1itfxkNGYnqKJI56AYdKvUeiCAp9Ef1KoA79J6%2BlznNtrcrYP%2Ffbo0nK0oRknakTsn2jdw9sRQHkat7jKp2WrcRYEsLbGwdcB%2BlN4G%2Bl2XbmYSfP6N1g0vUbPxJiz6M5w1%2BFe9TqdJ1lA%2BduF%2FqrKXw%3D%3D%7Ctkp%3ABk9SR_TV4JmEYQ
"New ListingComputer Monitor For Mini ITX Case 3.5"" IPS TYPE-C Secondary Screen Hot Sale",https://www.ebay.com/itm/134302086729?hash=item1f45073649:g:t0kAAOSwXR9jWlYH&amdata=enc%3AAQAHAAAAoMqa2KU3GArOpDgbZ4QHdBqFv4cfCAKzFROW%2Bjmuf0aHQamVNAl7cam952EHfWzNt5SQQsmhggMOVpmNXjpQYEAxAgeFBF8FutMf6H5mil4cLfIe3A5sTBFwSQ4Ccn0u2IYvHQ06bupGQgdsPIyP%2FQtNzLT%2FNXZsyoJgkdR0I0pk9%2F6FIW9FXbUyx5KrQ%2FI1nZQu2yICeBHSrNBVvoz0v9I%3D%7Ctkp%3ABk9SR_TV4JmEYQ
"HDMI Monitor 22"" Inch PC Computer CCTV LCD VGA TFT HD FLATSCREEN DELL IIYAMA HP",https://www.ebay.com/itm/155213136113?hash=item24236c80f1:g:PyoAAOSw1xFjTnV9&amdata=enc%3AAQAHAAAA8Eb8ysNU3dJaQZ6i%2FatxTSHW6p%2BIZqV0xBV%2Bcv1iENtAmeIRn7jzPO%2BK0l1QYTyQaqRQ2uHrekJ8TSHFYn5xfZTLAKODQqQFHZ5A5MJHHwT9h6wiNTeuYRkCklG5YfBRj6jlHYgZcRpRHx7%2B2iey3orFlvABfWvSyuKzk5bEDx%2Bxfpf%2BtHjTAnEAg7smupe9Brhrll19UpRtWO7U%2Bre1Q4VWiuaUwuknmXfPOqIs7unAxFpAgn%2FTzBuMm8%2FedzEg1UcfcWHa3BYPCyKtTdaZQKVVitrp2pDL7hwmvBt4xdwtKyPuanERm9k1E4ciltvy1w%3D%3D%7Ctkp%3ABFBM9NXgmYRh
"HDMI Monitor 19"" Inch PC Computer CCTV LCD VGA TFT HD FLATSCREEN DELL IIYAMA HP",https://www.ebay.com/itm/155214505639?hash=item24238166a7:g:tDIAAOSwhHZjTnV-&amdata=enc%3AAQAHAAAA8Nvc86ru4fjNagaE9lzMcG61wTOd4akjwoTD8zpisUDEiGLYKBo8MlBIHXZY0ffm1c14Xf5QYSQCf0VSQW2JsZrA7WQPv2FxUqmJZP8rwU%2B2X1ViDKuKDWEP2kDvuiV80W2K12M9jZeCHLPy6KxROPeK3gUIlV%2FXUAgK8wqmTWHtXSs2vK1SKrKNNDV%2FGLLqgyGOmrcYXlTLJPO%2BAQBguE9VlqRNVXvRw%2B26M1iiDo%2BsLw2LqDdxdbPhoK3vDQYF3txr6sJJLIXSsJJ4wINM0lhFcjUn9FWHkXPS68FLEkzbgoUk3mYO04LCCGlRnzy0yA%3D%3D%7Ctkp%3ABFBM9NXgmYRh
"HDMI Monitor 24"" Inch PC Computer CCTV LCD VGA TFT HD FLATSCREEN DELL IIYAMA HP",https://www.ebay.com/itm/155120427070?hash=item241de5e03e:g:79MAAOSwjadi-na2&amdata=enc%3AAQAHAAAA8IE%2BjLFrzoSEZFxck%2FRXfjFfTuDL7LjZdv9mKg8gMp85TyUCfIhsIqUnRl%2B6gozPQRzAtCsF6u1HdfOazPNMrvg6ykEPQTJlEbNRx6bj104J%2BuJmwxsmLniInVcZPbml7whuOSRdiLEudhwLp0dblH4hmZOsyZjDuqBITnuU8PcaZVOfiUFKi1pC8mAHK%2FHo%2BCw0yazu1IfX9vYPAqqcXksUQJRTNYt1IubsAXZbFjP4Wt55gL9hkJBc2sbsoN1rqM4shUV0dmtxkXKX7i%2BhJQVbF4lLAkuqCeeAgm%2FfOLl4%2B1cUzci3GYpIWO2xCQHB2A%3D%3D%7Ctkp%3ABFBM9NXgmYRh
12.3inch LCD Monitor 1920x720 IPS LCD screen HDMI VGA USB Input Metal Case,https://www.ebay.com/itm/363832695963?hash=item54b61e5c9b:g:YrsAAOSwNdxieQqi&amdata=enc%3AAQAHAAAA4EDtYiomvF4pEcUXRF1FG8MMcrMgrp5M4QmlAsE%2Fxg4KURAwVLh%2F2yeeXpsRBJcWdzUCzbrkKkGUMJRfUR3rCe%2FbwwPMCrfDENQdT4h3TkKgr0NTHCMMKyE2L0Mcyro0uzyeJApVKBkXQikRcaHZoyFR3jg5Hb2n7hghMvWhohFmugD2h31U%2Bz4PvLcFUdbnGHkDRqbOXrafH277n5wOjz3ZKCDolBYC%2FYUTToNZusSxy8nWmMyfT26fyzHRwqDVVutbE8eYmLVzKWjelY0bJmACCGDPnLS9BHB%2BlpKFTCOf%7Ctkp%3ABFBM9tXgmYRh
"HP 19"" MIX LA1956x L1940T L1950G TFT LCD FLAT HOME OFFICE COMPUTER CCTV MONITOR",https://www.ebay.com/itm/265429621947?hash=item3dccd69cbb:g:4~MAAOSwYIhWjS0c&amdata=enc%3AAQAHAAAAoDs8svuuVULxpKMv%2BcKXWWFGM4EiuXaa%2F71sJ8tJrlShWsMwEx2BIK4xrIgYeOgKX2h3AgC0R88F%2BYrXQN7xO6ZW0f2SRSf1DdAfOTpBqRddyAdKHUx66M8%2B8%2BM5nJKkYzdC4Sb81%2BQ2Fv%2BKEv7mq6VLJqPbXHVg348xjk70aO9Tofag7y0rF1QioNgB6zRB9FjQA%2F3hzEP7HqBcbXaIFow%3D%7Ctkp%3ABk9SR_bV4JmEYQ
3.5 Inch USB HDMI TFT LCD Display Touch Screen Monitor for Raspberry Pi 3B+ 3B,https://www.ebay.com/itm/164208731006?hash=item263b9a637e:g:dh8AAOSwDXBew5Z1&amdata=enc%3AAQAHAAAA8DuhKIHQM1AqEEAQ1yTlQ7ZPQAxxcomoM%2F5fCYS%2B8xlGe8sRiKm44QYLsyg18lq%2FVLvJU63565LEpWZNM8CvfbC9v%2FqbUuK19DAmI8ta9Rl45H2X5Ap%2FBP24XmzGGrohxSvY8Cc8faXvBlaUMPhH1gjRPnMxoqOFWf0%2Fk1B5KgM897cwXOKZANJu0vJCbZxrlrCp1j2jQLFExOI%2FBanLNrT1aYAaaBtVRs6BktuGLC4TlUCQ0qTb8S%2Fa%2BlxpSSXv91qQe8ulfFm%2B7LUlhXCUl8T9MS5ubAUbH5bznmTz28prN0X9B0Cooiz3uhu8XZvEOg%3D%3D%7Ctkp%3ABk9SR_bV4JmEYQ
"CHEAP  19"" INCH  DELL HP SAMSUNG ETC WIDESCREEN MONITOR COMPUTER SCREEN",https://www.ebay.com/itm/224467350496?hash=item34434bf3e0:g:bJEAAOSwnohgpT59&amdata=enc%3AAQAHAAAA8CTNAFh0yNcxfQyRCnVzG2pKsMkD3G8yh7mHdBq9tc9qTmtH%2FsbJxPmVM1Xu1liU3nl3buFsg6YPGz5%2BTKpnhW%2F0vCpEodYGwedfzFvb1IjQ2LiY7itbU48QJyp6IWWcwxLlCQ1skHUL%2F3IImmByGzbhwAqXvFG0SJDNnY1ZznqJri5g42XpM8F7PpiJ4lrGO4fkavPXvBCexs3%2BQElQX7pfyy%2FjVlEvoD%2BjPD8%2Bh%2FFMPHNxiYvj%2FjDPUfUNsjALAvhPKUwCUmVF8GDysR3AEdGEk84v%2BQSgEH552nIROfG44z00VY7nzg5v1pM3pZvSJg%3D%3D%7Ctkp%3ABk9SR_bV4JmEYQ
Job Lot 2x GNR TS702 MR17E-AAAD 17 Inch LCD Monitors With Built-in Speakers,https://www.ebay.com/itm/125568396679?hash=item1d3c75ad87:g:n6QAAOSw-t5jTsdc&amdata=enc%3AAQAHAAAAoAvRwSmWiiVLDO8NDLcaY1UYf04k8TNFNT8STJcboZbIqpmpRoilffKWi%2FeNyckzswTSL7LzvqW%2FK9gTBkHXu4etX%2BjbI15IWqgTFQKV9%2BE%2BrPYC22fqCMB%2BDU3gbw6%2FBmzq56QS1jb72x2LAqmN2pubyY%2BVqPuCKyHMzu%2BQMkIzK%2FtBWZeiErlTls1PJM7roxXYAiHtvwxuLRl7qagaEZA%3D%7Ctkp%3ABk9SR_bV4JmEYQ
New ListingM34WQ gaming monitor,https://www.ebay.com/itm/195436561728?hash=item2d80ed4540:g:kTYAAOSwVzZjWd1P&amdata=enc%3AAQAHAAAAoCt6KfUr8Xw4k4QxNMJUBQDfbSGw5KBqgHNR8QQVZC%2BMnl9gVFM9dtdtPXWXJJnir5RsYouRvgB4AIzPaOFivDHA12JApOhR%2FA6piDPfOrMaQaDrfC7RxoXyoW0888W0%2BJMK5uAvY9CB6oiewARQMuMcxjR%2F01sgz4xp0AK755Gh4PDbhRtYAES5mvVV4GYl9ToT%2F7i6VJy77fu3lU5KEfs%3D%7Ctkp%3ABk9SR_bV4JmEYQ
"DELL 17""Monitor Cheap UltraSharp TFT LCD Screen VGA/DVI for Computer Laptop CCTV",https://www.ebay.com/itm/223331703095?hash=item33ff9b5937:g:mYsAAOSwa5ZfRE9c&amdata=enc%3AAQAHAAAA8M3JXSpnHdOpXdD50VSsXdnEOyP3clf2hX%2BNVM4csUq2ktVX8eQ1QK%2FIu7mxceZn1wCKhaRAYVZVYEDJQHSHAngjq8%2FEy%2FuNVlOZ9PeVGXgPeJ3eTFEAqFsb6yBsaNPltsLZmeoW0Ny75SDTPx8t9dm%2B5B%2FNM42AteiRoEJs7AbTfyY9bXas7tRW73E29BCuT1EhzyD9xijG%2FHLBkuxtKG%2BdeSq0B7HSAogL5XBjbiwo7E%2Fjk3%2FtYZZLqXal3kkMQFv5tC0%2BumJmdSXeBmyY00eoYEYAFK0FDXm2Ti%2Bd1PjpAJbh%2BZskji0C4jiIDAt7tg%3D%3D%7Ctkp%3ABk9SR_bV4JmEYQ
"Cheap 19"" Widescreen Samsung/HP/ LG/DELL/ Acer/ BenQ TFT LED LCD Monitor Grade-B",https://www.ebay.com/itm/223536425124?hash=item340bcf28a4:g:1AgAAOSwDp5hasMq&amdata=enc%3AAQAHAAAA8NOqPjUUN5lXcyZS%2Fm4SDqXdfE6dqxL4Ui3Bb8nwfD1SuDng1%2FK9qQNLJoC%2BXNxj6vsgpsQQHSt2nMiejRTaqVyQTrtl1rc%2BV0m1yjuYgRjiWEYZQg1bjzaB1FZLMQsGVKi1TAPjsq7PyJp4fffAOlvJVuGzCABPnMUdK56sgmJfn1Qvdscr7WZvhHkigqiBuUQUefAh50UXxPneXlGzY9WadMV7CCI03N20kVdG2ATR%2FCpKbOmYBml74%2B1Y7qqNm6TIgKDprcbr%2FQ8BtZGyt2lcOF4tkHNTEmoKXVD8TL50fRnYOYySc21D8sbKQKL%2Bpw%3D%3D%7Ctkp%3ABFBM9tXgmYRh
New Listingsome parts,https://www.ebay.com/itm/125582161005?hash=item1d3d47b46d:g:AEEAAOSwKrdjWhKd&amdata=enc%3AAQAHAAAA4BWEsxGlGOklhs6D1PPr7Qw12X9mzQwm8W7OjwUZjZ6jYjNsLc7wc%2BcAwUOni2r0wuGwXdNE1%2Fvcar9VSEX2NRpdoBinSVkE7b4M8LfLuZrsXApdgWPVqdu39LVIRRzaAEspu25jYCzEIAxGnLnrEqmh%2FORHHOI2ryJj4WUVb4mjHmGp6w5layswKrSxuCTrACzjolodsDKOr82LjUd%2B6%2FthEsza2b9%2F3E%2FqUBeT7Xw2N3OjlhFzExT%2Bx6gWokx8hhC9nYrQ6kP27VX4teqfENBfyVbcC3OPz0LVqxzf%2B2bD%7Ctkp%3ABFBM9tXgmYRh
"DELL HP IIyama 22"" HD LCD 16:10 Widescreen CCTV Home Office PC Monitor Screen B2",https://www.ebay.com/itm/265429622625?hash=item3dccd69f61:g:7ysAAOSwR0xZukvv&amdata=enc%3AAQAHAAAA8I9YK5pfavsgu31ztsQSlz%2F%2F4WL%2FWnBB0ZeAduvsfif2Ex2LKjyB%2F4d5EQ%2BgsWVUlaNPepA3x3OCeakqKisEjbKj2N1sumvlBw3fgoGH7%2F0u%2BOkCo%2BhCCvHuKi1q7K6WTYw%2FnpNexdyy5t445ODZ5e6MC%2FOxBezQpPg0rjl%2FVXH9YGsBHoRQJXtrUiGAmq7CA8IoZFFn2B3E%2F%2BqPFW1tstF%2FUOTNAqDKCE84tOgnk7fMhVVcY41u1Ay%2BH1XKFTNjjlaqxVjQiNWop8%2BlO29yafpi%2BLkukt4eDkH4cRdfjuZyTC%2F99w5BDNQLauinKwMOXQ%3D%3D%7Ctkp%3ABk9SR_bV4JmEYQ
"2x 17"" Cheap Monitor VGA TFT LCD Office Laptop Gaming Computer PC Dual Monitor B",https://www.ebay.com/itm/255254575867?hash=item3b6e5bbafb:g:6YQAAOSwpkFY70cB&amdata=enc%3AAQAHAAAA8HRtwJuvizhbobldu2DPznoxiMfz9mUH1rpocsFs6pkAEwIEHZR5x244jQF0tOLnTqGlZJu5zpdMOwHNpQijweyt3%2BRJv5V6W%2B8L3YVPu3SgUr%2FpaasLkuYBG9OlfoYs3B8S5TrMfV6pZsj7rgKIy4re%2B5PpfpCTRp7UiMqoZc67SOBu1HgsBLrlxBO3%2FuquPKfO6BNfB5V5X4hh8BZArZoLZFutlIoN%2BbESC4G1RIw4A%2F1PcB4En9HXnbTKJr%2FeAL%2Bz8jxECpARUciLs80%2BBVNSRNsE8KeOWb0pFSULe0aHPUBypQNavDU8MrIHq88tsQ%3D%3D%7Ctkp%3ABk9SR_bV4JmEYQ
"New ListingPlanar 998-1443-00 PZN2410 23.8"" Full HD LED LCD Monitor - 16:9 - 24"" Class",https://www.ebay.com/itm/234756278250?epid=3034012939&hash=item36a89087ea:g:BQgAAOSw2YljW3xX&amdata=enc%3AAQAHAAAAoMh0kisTP3tAi1JZ%2Fcq8H7tGZVOwLQVB8PBfDi4caLsX%2FdwQWsA6au32eJNY%2F8VD0IWPuFk6lU63hsNp0SALpolR9mxmQBfcaZJV7r2c5E5xKBEvaL%2BK4cBDwG9%2BzCfsjNXo%2BixLvHnVYJ%2BLCzGUSWsodWkkdFaXU8gJQQeYUXtl9zr%2Br0cdU6izWipvr4SUw%2BK0C5spm2LoFzagXfgBReQ%3D%7Ctkp%3ABk9SR_bV4JmEYQ
"Cheap 22"" TFT Dell COMPUTER PC LAPTOP MONITOR SCREEN VGA FLATSCREEN",https://www.ebay.com/itm/275047138073?hash=item400a164319:g:Bu8AAOSwPN9bGAel&amdata=enc%3AAQAHAAAA8Du6ScReebIA7b2zY3ojUquUD%2F2tkfUXpp0CqfC3vucH2o%2FKU4rJ6fPyndLWd4J2EgdlQuj9uEFESzGZy9lN7dwiWlLO7DRiHn5f6Ie2Q%2F5FKy6zZEGJ2eSxII%2FvMQ3VNtJb4oplbUsQcqnyCKmAsItT24BovGrzl%2B%2F2OOZ2vni8aLTtAIz0zcngq6GME%2B%2BNhBWCEqW%2FOlBkJHaS3BBQ9jKWet3c9uYDGBXE8ExwTglWiIUapu3RTezXvahgMUXH95d9BQQs36q0kRhMjJ8ZJrwBleF4RBCNHcoz9a4MyUvBamCawKVzNt1GZFitgJv51A%3D%3D%7Ctkp%3ABk9SR_bV4JmEYQ
"Cheap 2 x 22"" Inc TFT Mix COMPUTER PC LAPTOP MONITOR SCREEN VGA FLATSCREEN DUAL",https://www.ebay.com/itm/265429622630?hash=item3dccd69f66:g:ttUAAOSwRFNcnNwh&amdata=enc%3AAQAHAAAA8G8a1%2FtVuDrGbAPBRhjYtC5Ktsre16cH3n8Pjx1a2O1and1RNt%2FjPCp5nsbVz9rWMYZdw4yUve1%2FzQN7UmK8rebTy0z2aNpPAf5zQYncgJw6g%2BL5h%2FFu%2BihlcZ%2Bmlzw9w%2BWFheo3cUAPWtVoHid%2FTlYkUfjTHaM92MZsg4cQUEimgQKhsOiI73UHZtxgUjjmR%2FM7hKxSfhoM1IkP%2Fs13l4XwOhzkND5Jzg%2Bxqp30EAVIbx%2BwnFku74yxhssndA%2FcD7OVfgYooeTozHdzg5otyqN5i2bYboa785R%2FtIw1O5zJVFBuv9g7YEr%2B9vp4iMtltw%3D%3D%7Ctkp%3ABk9SR_bV4JmEYQ
"New ListingPlanar 997-9044-00 PLL2250MW Full HD Edge LED LCD Monitor - 16:9 - Black - 22""",https://www.ebay.com/itm/334608950017?epid=2146043399&hash=item4de83f6301:g:D9oAAOSwEldjW4fb&amdata=enc%3AAQAHAAAAoDD2CfOZtA9H7LgCpv1Uobf9%2B5E941x%2BgCa6MH0OB45HEs7n1k2m%2B7gtKxJXi2O5mzSGXIIL5EpJG5FBio0hLc5zWfmzxdil4tRVIvvGAaSCS2ZMHEhLlWUPtMamWsivcHHKhpiqS3Tds5UjkgMk4QCjT8BG2J9si3bgInJQsFWIO52xnwW2weME3gnGgwFSTR3oQ1EF0XYB09cls1k1vRE%3D%7Ctkp%3ABk9SR_bV4JmEYQ
"New ListingIBM L171 Screen Monitor LCD Display 17 "" 4:3 5:4 Square DVR Case VGA",https://www.ebay.com/itm/295302810907?hash=item44c16b4d1b:g:4UkAAOSwVodjW4c5&amdata=enc%3AAQAHAAAA8JdqhhBP4MQoaKhnT1dap%2FA%2BWkDUVJtAZiigMEnkKUciZerAfN%2BMzqKxC9gw0424RIzCgM%2BbGX8QssNd9dVZ8tbQ2BKvyoVx8h1jj6N12jZY3AmRJ%2Bd8HiTa1MKmbwqROnbx50k%2Fsrwomuhwyhr5pmVrkSceQ5Fkd1yvkK7IGfrO3z2H5dq6JcRYAWkDz0UHi%2FiqRwgBDQfP3K8FqbG3PVB9ucwlOneKNODv8XTEFSkyXzrTet4PHHCqRxo7ng0l6WmqETE8U9IQnp2MArklpo46f%2FJXPGHIg0bBXo3fMJ%2Fs1oBJLFxNYIuRCh%2FuH1o3%2Fw%3D%3D%7Ctkp%3ABk9SR_bV4JmEYQ
"HP EliteDisplay E231 23"" inch 1920 x 1080 Monitor DVI VGA DP B",https://www.ebay.com/itm/195384669596?hash=item2d7dd5759c:g:nq8AAOSw~sJgG9Wn&amdata=enc%3AAQAHAAAA8Pw1abJSqyCAV70Q0ZAq0YXI0mBYdscs9MaKN%2FFS9UM0%2F2Ahh41GtVZ5S6pX4VpmJNJQpl2BSxE%2F3AYpdGnZmE1CP03ZzKsRLyVyyztRejkZCOu19c7Yvg2zs896Xi7Cdiw2n1yndcgm2kViuqL1vxtgXVViUQxNmHWwc0gy%2FFhkeNOI75YjLvejUU1AAp7lLWHSHesCt4tm42tvHS0B3DUjMPCA4KlPXJSMYLX4cd7SdIqit0TCfIAKS5yw9eUyQe9FPLuIGLTCJrhVxKfEN%2FzSQP%2FHv10T700eXDP0NRlz9nBiAWkQiD5i29TiolDtyg%3D%3D%7Ctkp%3ABk9SR_jV4JmEYQ
"New ListingPlanar 998-0411-00 PXN2480MW 23.8"" Full HD Edge LED LCD Monitor - 16:9 - White",https://www.ebay.com/itm/334608950208?epid=52110420&hash=item4de83f63c0:g:dgYAAOSw-gxjW3Uq&amdata=enc%3AAQAHAAAAoOE3Q3PgSYYAiBAPun7RpGobZVHEb%2FoSxU2Fj60Lgr5J2bfi2PGJMoKVCgeIFsYHvfCvrpVEiAt9hBjFQj10Y3ppa1O7DIgrZigz5vbAi%2BdnpwRKNJS0BCEfHPhPePXVd3PIP7%2FU7%2BP%2Fn1mFRMc5Go4kAHIl9756Md%2FCDxwmMy%2B9qwxlesQkMpvoscDJP3Dnx9BCIwKAVG0fVd1ixWNwhSY%3D%7Ctkp%3ABk9SR_jV4JmEYQ
"DELL E1916HEF 19"" Monitor VGA DisplayPort With Stand",https://www.ebay.com/itm/385031196868?hash=item59a5a5d0c4:g:8jAAAOSwsGVi4py9&amdata=enc%3AAQAHAAAAoJ8PV41SyWN0Kr6Ta2KZGHxBWeksK3iSl%2BMGNhyUoM6DVPArHr4DCGI9RqwjoF41p%2BCHjYRc6bgRLLgpjYhcBsrU12TvVY9Bvz%2BLz%2Fi1W4F%2FdatFGM6dfGpMOvSkxVWB3rJWy%2BKUU%2B4tyZDbi6z%2BdB68q7bi7AGGuLmtLqRTem9vx1ZuEh%2BV1EEoe3a4YiXavy6sSFgIRl1owgkNMAh7w7E%3D%7Ctkp%3ABk9SR_jV4JmEYQ
"New ListingPlanar 998-2120-00 PXN2200 21.5"" Full HD LED LCD Monitor - 16:9 - Black - TAA",https://www.ebay.com/itm/354362120638?epid=10043919378&hash=item5281a0d9be:g:8iQAAOSwIDZjW3hI&amdata=enc%3AAQAHAAAAoLTdBoXjo%2FoRQNW5xK%2BF4Z9gl5IAlZeJIliZ79kktXMQmow34v%2F4V%2BPi5oS%2BT%2B%2B6Gnt1dnnYnotXesaeI%2FJc03It2g13U8JlOBwJi9Qjjjmouq6bvidbnR0c9xkHJyitylEJzp%2BUTr8s2aA6SJxVPq2KxSJ5G17lFrWtMrvSNJlmdxaJODRnaq2k272fRe5f8IIMAez2CLVr7dIY1lFoWGM%3D%7Ctkp%3ABk9SR_jV4JmEYQ
"New ListingIBM L171 Screen Monitor LCD Display 17 "" 4:3 5:4 Square DVR Case VGA",https://www.ebay.com/itm/295302810902?hash=item44c16b4d16:g:4UkAAOSwVodjW4c5&amdata=enc%3AAQAHAAAA8Ec2j%2BPf3lC91eKUHr%2FC5%2FWKf1BWYqAkK2xr5e%2FO95UdXiCCDYnDNpKyuaIF56IDyx3TYb%2B32azUYEQU%2FjnqnuFaD77aVrZ7%2FZHwHaYyVNRfKJLWAgYLiuZfoIx37ahglGsaO5HU1oMHFsFjh0E%2BV4L29KFzJkc%2Fdi0o%2BukRkL6p2t2Gjxso2gPLPPljzbrl0MeDucmj61cvb7VE1QBh%2F8u2phiUq86WpwdjqkkMgfQS%2FpNFumGG1WNpKCEdhMjz7LN7eRjYQTqtHd7x15lqt%2Byy5eZT8Rdc7KBP274PCCssQD4tEBJDvlixBnmxSbREBA%3D%3D%7Ctkp%3ABk9SR_jV4JmEYQ
"Dell e178fpb LCD Monitor 17"" 17 inch 5:4 1280 x 1024 VGA VESA GRADE A.",https://www.ebay.com/itm/275435615103?hash=item40213df37f:g:HV8AAOSwnG9jCKZJ&amdata=enc%3AAQAHAAAA8FaxIjssaVTMhkuhlODn8MUbinQdfR2y2gllIe%2Flxg7cDVWZkEBQRGGDGzvMFDmdc0D2fHAhahNkUduws5sYw9RQTDgzOzMxULw%2BVsCFIjjgDsxsg4v68r9uR8IdJBXt%2B%2BTKYvbCnJfyEfxFa70rK1KYTVkXyuisZ07HWkdUatXajKs6gZXXrH0H8aVSuDKGrFWyH%2F46So7DnUywAp3gCuCjzvnYi0C5AlE1VlEGwPKfTp9FcRkFxSB2JHBmvCpsKbHk5LP5hkRtJe5FE0kOVqem%2BSAZrhUfa4mJZTWC6HjT7BGHgOzXMEjc5mQN%2B0T%2F4Q%3D%3D%7Ctkp%3ABk9SR_jV4JmEYQ
"New ListingPlanar 997-8371-00 PLN22770W 27"" Full HD LED LCD Monitor - 16:9 - 27"" Class",https://www.ebay.com/itm/354362120607?epid=2130262332&hash=item5281a0d99f:g:XR8AAOSwDgRjW3ue&amdata=enc%3AAQAHAAAAoEVXe0TCOp0pxEZU3eSv1%2F3pJtAJa0sqR0HI58PD9EIerGYcVivpx1KO9Nu42GJZQEYpUtFrbX%2F3EV2B0QMfEdvBQ1swXGGcG9uk6gcCAJdFEhuHdDo8HB3dGK07N9xFOoeLIz0%2FbB9r%2BaX3KfC%2B60Jl%2BC8m30jlpwkL0jk9oiGXc8jzghuqF9eAYpi8G3uvWE51p8oAcQMi9O4ChtkZKVQ%3D%7Ctkp%3ABk9SR_jV4JmEYQ
"Dell P2417H 24"" LED Backlit 1920x1080 ,1080p Computer Cheap Gaming Monitor HDMI",https://www.ebay.com/itm/265542999879?hash=item3dd3989f47:g:ilYAAOSwXoJcgPIq&amdata=enc%3AAQAHAAAAoC30BczoviONBsqbpMTVbn%2FM1XD%2FpaBB5erJL5C4ua7viw1H5yzy0lisTIzFkWaj07q%2Bkg68BJLl%2FR8LOaHAdBOXIJsWhvobZctPEvoYPSK%2FUGA0%2F1N9pcgGDditWG0tpkxHZFKRqFSFe%2FGYTD7%2BcvxIyx3toh7lue0XO3C8Lpfs6OUeSrIRqnte4sYjdW6yy9WCcK0AkMxwkwqBFqO%2Fppg%3D%7Ctkp%3ABk9SR_jV4JmEYQ
"New ListingPlanar 997-7039-00 PXL2230MW 22"" LCD Touchscreen Monitor - 16:9 - 5 ms",https://www.ebay.com/itm/234756278365?epid=166762052&hash=item36a890885d:g:nLkAAOSw0SVjW3cl&amdata=enc%3AAQAHAAAAoHDOO4yqgnwpdTtImXjQRLrcwJ34yNV4MPQ8vsIO6TlECd4Cq5WBfvulZ05m9GTVn2%2BS%2Fwy%2B1EQvjCTdAqpCNrDDRVToi42r3hywe8qsRNo3ufpjk6Et5Y4zScwjKKaaKxj0OfXxktFU7RRK6NO%2B%2B%2BnTTi3aIfGez2hbMKIaLia3ih1NqNPPx1r254UnDaYZ0r4mebIcIxytsoX%2BoPpBJDw%3D%7Ctkp%3ABk9SR_jV4JmEYQ
Dell IN2010Nb 20 inch VGA 1600 x 900 Monitor With Stand,https://www.ebay.com/itm/393975593743?epid=1623252905&hash=item5bbac67b0f:g:pQEAAOSwHDxiJf0C&amdata=enc%3AAQAHAAAA8MR5EtNwhsBmSvGMbXJ0ujRn0Dc9HJEta0ESfeONcB2zDYWUjo6WovG48ZjtPTz73xdF2dtwNw46fYE8r%2Bzl2XnoQCVzWcqWW6%2F34EXi2k7b6hWUcjozPsCZeGazygqATkrq7SFtKxsKd5bp7GXSvhYqUKgjo3sTddS7667EuKniZEgkC8dciPxb3vLvCdYewJuOLdM6EFCopeG9TaFFvLNhgh7nDczOIESAt%2BXpsx3ofWNTlTs4CvmzgwPuMrxFW4XEEpR6v%2FuGVbqEbioXrpSf%2BOQP%2BrpjclZdYwonvrDEIkxALLmRxdu0QljIMOChzw%3D%3D%7Ctkp%3ABk9SR_jV4JmEYQ
"Job Lot 19"" x 40 TFT COMPUTER PC LAPTOP MONITOR VGA 19 INCH FLAT SCREEN",https://www.ebay.com/itm/254131732870?hash=item3b2b6e8186:g:DlIAAOSw6nhcbFGc&amdata=enc%3AAQAHAAAAoFw%2FRdVVpyZVrqIatvGGAvXbo9E%2FAcdak%2BzGAOMwnol5p7ckmrU2zAdpAo7n1Inb0kyvRbjD%2FU09UfrQDjAH%2BNMmvoiwjKvtw19jYRrWQKnVjy54Ii9dwJaN1wvZZVe9KPBibCGTubJQ2whgRYdVpbD4uGtAk2r8T5ddH2soKgZOLN%2BXDhPDYiynnMkJ0Ncd3WfT%2FGr9%2BYzKhs73tuG0MMs%3D%7Ctkp%3ABk9SR_jV4JmEYQ
"Dual Monitor Bundle - HP LE1901W 19"" Inch Widescreen Monitor LCD,VGA",https://www.ebay.com/itm/275411297445?hash=item401fcae4a5:g:Y0sAAOSwEvBi68kQ&amdata=enc%3AAQAHAAAA8MDY%2Bwtp8rTp32Lg6udNuK7Aei70BfkJPeCjfOSAuABXGYJKJitowkQcPA%2BmcTwnUdfLkuCpBuI18oLQJjVMMfd4%2F0TARLp7smrTBYifMTntl6Q%2BJAgVaYroUsFH69kffL%2BOMjtST2buTS4f1YCuLUXFSoQczTifpEDL00%2FTKWRRnGs7SSPaR2HxiauqlnTkUk%2FVpyI0ZVKN9Rlh1rlQqXOIgxpvlU42Hzcf45IakiuSsyyWfcKfV5kDVmVc%2Fu0dsWBVESeBuWs3blqgGxao78Fyq%2BXwsvhN0eJR9RXRr6sCyY79TPFelxiKkrW6ozVquA%3D%3D%7Ctkp%3ABFBM-NXgmYRh
"Dual Monitor Bundle -  19"" Inch Matching Full HD LCD VGA, DVI",https://www.ebay.com/itm/265812993654?hash=item3de3b06676:g:dYgAAOSw7Zli66kN&amdata=enc%3AAQAHAAAA8KpAsOhp5XZ4SAstoGfKOyNATloETk%2Fe6aBhTa%2FuGfWqdEhgcyvjHTmwmy0TziFtaODq3W%2FIPxBcTyEi3wwdbWJHPhaEayoebhFJoqvOvAMoHndUSo0THBZ0yUi1Kd4ROQMYW9tcMlQANUGP8cwi%2BdPnldY0LkOQUCBMu%2BtLw7WnbltlXNYLBvwO35Iox0v8GxZ%2BOC7GRCD%2F8OPh7N7w1u40DX0HjM8%2F%2FE7wtbubtB9KnMOKH809CLTWHfLUkZCXRGOCKnEp1ouw75ifbYNcviVZ3oY6RGs9Evv0aFM9UrH%2FWDqwqVIMriUSlZ82kGQ3Yg%3D%3D%7Ctkp%3ABFBM-NXgmYRh
